tiempo_ps,temperatura_K,energia_potencial_kJ,densidad_g_mL,rmsd_CA_A,d_PG_O6_A,d_PG_O3B_A,d_O6_OD1asp205_A,d_O6_OD2asp205_A,d_Mg_PG_A,d_NZlys169_O6_A
10.000000000047748,301.1067754838211,-750998.8455151198,1.028626914144803,1.0676258,3.3384614,1.499013,4.3272653,5.1496882,2.5162344,4.0166254
20.000000000095497,301.1930784755243,-750748.7476928034,1.0334432417800683,0.9548347,3.5189393,1.5306443,4.52961,5.095789,2.5601804,4.1819963
30.000000000143245,301.0895148854804,-749559.618186933,1.0313186576920406,1.0638413,3.4784021,1.5425606,4.323916,4.594121,2.5409045,3.8543382
40.000000000190994,301.0926761672278,-749953.311033342,1.0301156732108712,1.1260186,3.470262,1.5723338,4.5605383,5.041428,2.5484343,3.755368
50.00000000023874,300.6139316594058,-749693.2115264526,1.02991613133563,1.1022229,3.4885871,1.4898529,4.158965,4.4154887,2.4946055,3.9774203
60.00000000028649,300.3404807882582,-751010.6960274945,1.0334222189955875,1.0915352,3.451868,1.6000344,4.3070884,4.6664877,2.5550702,4.1046147
70.00000000033424,300.6169664898833,-749982.3413502849,1.0286733979089508,1.1053896,3.522259,1.5567372,4.32175,4.663915,2.6086152,3.8394666
80.00000000038199,299.2519250313682,-750049.6159209609,1.0319123298947943,1.0249146,3.3732457,1.5381956,4.23503,4.8954487,2.5693874,4.2998796
90.00000000042974,301.5196704928453,-751399.5589139252,1.032230654198924,1.0195488,3.3578296,1.5369524,4.0254874,4.706429,2.5458426,3.5992894
100.00000000047748,299.2469618190248,-750437.8666387764,1.0295513715559752,1.0365491,3.5332646,1.5312414,4.2119565,4.591735,2.5303652,3.614615
110.00000000052523,298.2363948828425,-750812.2049033451,1.026713443029957,1.155016,3.5282812,1.597995,4.2484026,4.8585258,2.512422,4.3218904
120.00000000057298,299.9851527198536,-751104.0547182229,1.0324752123798475,1.1113573,3.4088707,1.5818856,4.45003,4.877804,2.5646744,4.070367
130.0000000006208,297.8651971800661,-751062.1373677542,1.0339619763764636,1.2060343,3.3093069,1.5013398,3.9013646,4.7556705,2.5712624,3.3888543
140.00000000066848,299.85231566082905,-751312.3385990746,1.0321272546720406,1.2072822,3.4047813,1.5153551,4.3498664,5.0850325,2.599321,3.7628894
150.00000000071623,301.0884400496863,-747706.3853573445,1.03100607957982,1.1051463,3.2432752,1.544846,3.9767814,4.241714,2.528266,4.032919
160.00000000076398,301.36277607972323,-751766.9394365652,1.0329293039338383,1.1816657,3.4008584,1.5519569,4.322607,4.447691,2.4649456,3.7357137
170.00000000081172,298.6717666050905,-749866.2535260553,1.0314638983426705,1.2034007,3.334371,1.5641927,4.3203106,4.9397936,2.5458896,3.8649297
180.00000000085947,301.60723799724747,-749282.2721263142,1.0291391671717314,1.0956658,3.4307585,1.5932882,4.3520083,4.8421874,2.5170257,3.8283305
190.00000000090722,299.3815691958279,-750053.7007445055,1.0309038088393718,1.2257596,3.680514,1.5260603,4.492909,4.7977824,2.5158563,4.0278296
200.00000000095503,301.9670866985508,-750304.6068514199,1.0313474767852104,1.055366,3.352442,1.5584825,4.296486,4.717595,2.5593357,3.6940715
210.00000000100272,299.1382769525502,-750435.7702018055,1.0290752929037967,1.0136772,3.4461322,1.544702,4.106572,4.8228807,2.5587702,3.5468712
220.00000000105047,299.9603682709542,-749738.4960188381,1.033181348793209,0.97638696,3.5146835,1.5475609,4.5731187,5.0266433,2.7351177,3.8993788
230.00000000087078,299.7109431410866,-749197.0456112367,1.03012760958837,1.0164322,3.486632,1.5985823,4.444477,4.801597,2.5499525,4.1545115
240.00000000063432,301.4322926653479,-749664.5577102471,1.027618994393067,1.0103829,3.4464896,1.5474379,4.1448474,4.767327,2.5684385,4.2885036
250.00000000039785,298.6751807893777,-751858.795687702,1.0291134478912562,1.0164322,3.3877656,1.5357766,4.1230316,4.800169,2.6080785,3.9208908
260.0000000001614,300.78135314074666,-750348.6290739533,1.032977385596764,1.1383678,3.5045662,1.5487276,4.3306274,5.0784974,2.6218848,4.45221
269.9999999999249,299.3962375431357,-751440.5871746498,1.0336877815913357,1.2059007,3.6061325,1.4636589,4.366282,4.672584,2.5438735,3.3560581
279.99999999968844,297.83481726247385,-749736.612267192,1.029740422114803,1.2034454,3.3929775,1.5244085,4.5110087,5.2208977,2.628117,4.0030746
289.999999999452,301.77943301402684,-749224.8932594489,1.0314200941866432,1.13202,3.3329668,1.5071423,4.2410583,4.651643,2.5906696,3.625482
299.9999999992155,299.67983612869244,-751794.8610552596,1.0302709752465222,1.25588,3.554143,1.5629146,4.722789,4.81456,2.5990977,3.7236788
309.99999999897904,299.44779804843535,-750084.9276933055,1.0278316511937846,1.2025068,3.4935565,1.6018875,4.5179925,5.202615,2.5869262,3.5965717
319.99999999874257,300.3428833623862,-750430.9505666178,1.0316960927091297,1.0715976,3.4155595,1.547024,4.2127614,4.9504595,2.5826774,3.8862536
329.9999999985061,300.5126441922201,-751531.6190683707,1.0314298072326165,1.0295215,3.2961755,1.5488268,4.20045,5.0117593,2.5463443,3.9603736
339.99999999826963,298.57193332750853,-749790.8887669379,1.030285924701254,1.012722,3.5911868,1.5810823,4.3028092,4.715675,2.58314,4.2580357
349.99999999803316,303.01720126939273,-750437.249175801,1.0300603730752158,1.2129259,3.3988838,1.6070617,4.065723,4.494677,2.5634813,4.2509117
359.9999999977967,300.3774045590675,-750391.1100683017,1.0312928293823698,1.1533387,3.4578097,1.5073695,4.468894,5.0474644,2.63037,3.985074
369.9999999975602,299.47814635321015,-750686.7685090415,1.0305248257309096,1.1383678,3.5903778,1.5323986,4.665751,5.0045915,2.5039225,3.780639
379.99999999732375,299.37995694213674,-750641.6295979284,1.0330012883173856,1.1474956,3.5642953,1.5266414,4.242136,4.9118037,2.5575442,4.115458
389.9999999970873,298.1873950157582,-748980.7415940426,1.029171042307166,1.2125711,3.3619814,1.5127462,4.02226,4.4110594,2.5495121,3.8580885
399.9999999968508,298.86776607342756,-749364.9135343111,1.0292542533978355,1.1833483,3.5541224,1.499085,4.5696697,4.8148456,2.5568514,3.910612
409.99999999661435,298.9671251587475,-749218.7481752611,1.031121840216019,1.0413625,3.3669474,1.5065448,4.424411,4.772221,2.469398,3.897067
419.9999999963779,298.71687809562553,-751753.2707545985,1.0310245623337908,1.0812395,3.4680102,1.5312476,4.213489,4.7557406,2.6039877,3.3805492
429.9999999961414,299.61964532422246,-750977.7696129279,1.0317215223642544,1.1448213,3.312922,1.522447,3.896254,4.4388165,2.5692549,4.2422614
439.99999999590494,300.7007088433712,-751777.0128732128,1.0322427506631144,1.1204171,3.5513866,1.5376009,4.6268597,4.842242,2.545556,4.208605
449.9999999956685,299.7666449254753,-750196.1934869476,1.0296659355230326,1.0892667,3.5624704,1.5915663,4.3359847,4.7400393,2.5164306,3.9248118
459.999999995432,300.3693116777942,-749544.8141348665,1.0288725031011392,1.032963,3.3342054,1.5202978,3.8962638,4.5024543,2.5071416,4.296714
469.99999999519554,301.56411811421333,-751339.7200680417,1.032081355109725,1.1566443,3.4991314,1.5158753,4.237041,4.560871,2.567929,3.6668694
479.99999999495907,302.0143162478566,-750097.7888056235,1.0302368101135602,1.0727512,3.4416046,1.5431821,4.6052327,4.8509912,2.6355073,4.06502
489.9999999947226,300.07015958604046,-751483.5524027692,1.0309533536805582,1.1852554,3.3310413,1.5582523,4.1680646,4.9132314,2.5674546,3.9760466
499.99999999448613,301.2210242061711,-751293.3774490063,1.0303464414110322,1.0769536,3.4665332,1.5647787,4.2710032,4.5083065,2.516425,4.183451
509.99999999424966,302.5936211280624,-749858.0132518695,1.0314346711179605,1.0467707,3.2020748,1.5704085,4.0832424,4.581463,2.5763583,4.259543
519.9999999940133,298.4572104128964,-750919.7975370418,1.0295576210071722,1.1579918,3.2967038,1.5454726,3.8440788,4.6030107,2.494092,4.004237
529.9999999937768,299.7432830533622,-749768.5144978389,1.030412882653254,1.1591058,3.8220537,1.6053903,4.6117425,4.9610624,2.4895527,4.0482626
539.9999999935403,299.4680934772535,-751613.0319558727,1.030464848793584,1.0970392,3.453402,1.5341784,4.4048123,4.738287,2.5204456,3.9245577
549.9999999933038,301.4502803584905,-750271.6239727843,1.027429789413288,1.181165,3.4555588,1.548245,4.508319,4.8103576,2.5787601,3.7524571
559.9999999930674,299.7294366393087,-749437.2020105519,1.029842409016556,1.1212807,3.518402,1.5492207,4.270245,4.4202795,2.5567837,3.4617085
569.9999999928309,299.11124799361016,-749535.0708038649,1.0291911255830406,1.1779282,3.35626,1.5465497,3.8760257,4.64721,2.6179829,4.3928366
579.9999999925944,301.18577591468795,-749724.1136077335,1.0297962250307864,1.2534797,3.1862507,1.6153824,3.9588616,4.6194596,2.5475445,4.423498
589.999999992358,297.2602543048891,-749463.6948073353,1.029896045703144,1.3684971,3.3852506,1.5459223,4.1115084,4.6089225,2.5548637,3.8125153
599.9999999921215,298.7351186913079,-752228.2513359818,1.0325488337520403,1.2265052,3.4337888,1.556215,4.3235955,4.9145093,2.5628803,4.016262
609.999999991885,300.13329038253545,-749036.4190882607,1.0312364840062989,1.1999102,3.4872339,1.5016336,4.355565,4.7582383,2.565094,4.241434
619.9999999916486,301.53914398840914,-748786.2251485321,1.02834285049451,1.2238277,3.4235272,1.5180117,4.606437,4.925681,2.567109,4.1513343
629.9999999914121,298.2185652537873,-750088.795324883,1.0265145168709968,1.1395481,3.3786178,1.5271726,4.3245583,4.8993597,2.5378423,4.2825103
639.9999999911756,301.172435305714,-750846.9373406745,1.0312331885297532,1.1687158,3.5967388,1.5059338,4.2310057,4.95846,2.6028714,3.75167
649.9999999909389,299.25786824105325,-751944.829182094,1.029399255376196,1.1326848,3.334962,1.5407488,4.074166,4.758719,2.5708807,4.1201215
659.9999999907027,301.01203186985236,-749875.4908244712,1.0303593406444869,1.2545948,3.4181628,1.510844,4.3990297,4.75851,2.5724874,4.209352
669.9999999904662,299.8123886723597,-750755.9355900614,1.033023408147596,1.2301826,3.4091024,1.5371966,4.1446247,4.7426076,2.5442562,4.0509953
679.9999999902298,298.77710051291297,-750832.4095292334,1.0287303008075823,1.1293567,3.5108113,1.5606887,4.4593782,4.8393154,2.6077495,4.3179293
689.9999999899933,300.30953183995143,-750623.2148475633,1.0305904530140793,1.0998298,3.4425268,1.4860673,4.1738772,4.637009,2.6042805,3.7740004
699.9999999897568,300.3212918080516,-751232.2542036222,1.0344115339137243,1.168762,3.4727473,1.5825453,4.2718115,4.9440937,2.5602136,4.168519
709.9999999895201,300.26517905703577,-749728.5481052124,1.0307700283917574,1.0729016,3.3964465,1.588003,4.5047326,5.1387243,2.5020516,3.3618255
719.9999999892839,298.5349779438818,-750559.0485811392,1.029454882966718,0.9975276,3.455978,1.511855,4.4757814,4.702796,2.4797843,3.929985
729.9999999890474,297.52371552571503,-752327.1679173014,1.032266214779216,1.1364293,3.4446049,1.5601456,4.3798943,4.738487,2.6046405,4.0720143
739.9999999888109,298.87197057815155,-750364.0192398923,1.0317451976520204,1.1280227,3.607694,1.5559943,4.395937,4.4666157,2.5563967,3.751791
749.9999999885745,298.83476229198504,-751248.1045167195,1.033771411488298,1.2901388,3.5177243,1.5941322,4.1201134,4.90842,2.620656,4.3817425
759.9999999883382,301.35272320376663,-749997.5071884077,1.0287471385396842,1.1369025,3.4216082,1.5549923,4.0134315,4.4382772,2.5656729,4.2388453
769.9999999881015,301.6555739951648,-750171.4686763226,1.031359982881065,1.0690353,3.4896426,1.5602567,3.9941742,4.485682,2.5832927,4.2124243
779.9999999878648,300.5297151136558,-751288.0616470622,1.0328176706123933,1.1068481,3.600006,1.5438796,4.3135004,4.4805374,2.5625181,3.998791
789.9999999876286,300.0091784611336,-750527.2453158246,1.0321194497245632,1.0492849,3.3947392,1.5788486,3.839951,4.3039074,2.5395415,4.1801314
799.9999999873921,299.411538146793,-750665.4152052645,1.0324556861084504,1.0509748,3.5811927,1.5142499,4.3282146,4.918184,2.5501757,3.5577939
809.9999999871557,300.4960158502289,-750395.4286813997,1.0278160551409607,1.1092262,3.4081116,1.5369446,4.0719604,4.654486,2.5142682,3.8790326
819.9999999869192,300.63052838857953,-749690.2057363149,1.0284726245439346,1.098264,3.495456,1.5629399,4.4439116,4.956233,2.624643,4.112505
829.9999999866827,300.20274374252523,-749984.431073246,1.0326419450237512,1.1676111,3.5233006,1.5387206,4.00574,4.6672006,2.6037452,3.867878
839.9999999864463,301.79745231998686,-750186.4704689933,1.0313208209556717,1.1008072,3.449172,1.4865218,4.294482,4.971933,2.5949788,4.099247
849.9999999862098,298.75199993583885,-750956.4292900772,1.030945908908932,1.1857997,3.3624985,1.5190442,4.322797,5.001354,2.5409636,4.1931334
859.9999999859733,300.7672538241534,-750280.4687685082,1.0328258148531444,1.1413871,3.363565,1.5415919,4.731085,5.215506,2.6044168,3.8938773
869.9999999857368,299.6406678478425,-750926.6298139412,1.0307590520946466,1.1387929,3.4650898,1.5381346,4.218994,4.6444283,2.5812123,3.8603244
879.9999999855004,302.0270878261159,-748502.003531653,1.0308062667149154,1.0938483,3.3309176,1.5613303,4.307608,5.0605226,2.5826967,3.7549763
889.9999999852639,300.8368652482305,-751389.0809489344,1.0306119666779974,1.0886247,3.2969956,1.5279038,4.120566,4.8233085,2.5823717,3.7314544
899.9999999850274,298.4733013369906,-751434.5694306586,1.0329939564803077,1.0855081,3.2345595,1.5793705,4.5589986,4.7016487,2.5878537,3.823883
909.999999984791,300.6443431898155,-751132.558053791,1.0325315211254456,1.0624757,3.468298,1.5077815,4.4687176,5.0893164,2.5756302,4.062048
919.9999999845545,302.9001390062876,-751617.8935784288,1.0320857313991725,1.0901057,3.4695432,1.5650551,4.36228,4.707612,2.608684,3.5570288
929.999999984318,299.5753241541243,-751146.4385959422,1.0339115787235122,1.0948311,3.3798022,1.5586656,4.27942,4.9478807,2.5673714,3.794049
939.9999999840816,299.6120266352113,-750341.2147751851,1.0284907628862685,1.13202,3.5443532,1.511025,4.5429926,4.9592237,2.5177991,3.8965712
949.9999999838451,299.59824344679276,-747962.03260318,1.0296330674943743,1.1347245,3.4280584,1.5470734,4.766511,5.189052,2.5179944,4.0725274
959.9999999836086,300.18187928299255,-750754.748660048,1.0290064447752372,1.1202251,3.4515429,1.5732616,4.572972,4.9431105,2.5192018,3.9870214
969.9999999833722,300.458523048705,-751324.6441314784,1.034201389978504,1.2665819,3.4731102,1.5492101,4.611675,5.1827135,2.579987,3.8249228
979.9999999831357,300.5772607911363,-749908.7278685914,1.028303923704127,1.2414528,3.5567167,1.576154,4.2346406,4.9340386,2.5380168,3.8683643
989.9999999828995,300.8983205653994,-749447.2938545807,1.031117575412094,1.3422717,3.407674,1.5844204,4.3999867,5.007398,2.5447538,3.6755872
999.9999999826628,300.7766112181256,-749305.6979261292,1.027694161915588,1.2297016,3.5341425,1.5325968,4.318119,4.6608934,2.6212144,3.793818
